valid_time,latitude,longitude,number,expver,d2m,t2m,skt,stl1,stl2,stl3,stl4
2000-01-01,45.7,3.1,0,0001,271.61633,273.55457,271.8533,273.67154,274.22733,276.09286,279.96063
2000-01-01,45.7,3.2,0,0001,271.88,273.81042,271.9861,273.8942,274.4578,276.3585,280.279
2000-01-01,45.6,3.1,0,0001,271.44446,273.2694,271.5447,273.8063,274.33865,276.16122,279.95282
2000-01-01,45.6,3.2,0,0001,271.7257,273.578,271.67752,273.8903,274.4363,276.2999,280.18915
2000-02-01,45.7,3.1,0,0001,274.2038,277.49805,276.83124,276.6759,276.50793,276.44196,278.00046
2000-02-01,45.7,3.2,0,0001,274.52216,277.78516,276.97968,276.89465,276.74622,276.70172,278.2739
2000-02-01,45.6,3.1,0,0001,274.0534,277.28125,276.58905,276.53723,276.43762,276.4615,278.04538
2000-02-01,45.6,3.2,0,0001,274.3874,277.60742,276.7492,276.70715,276.60754,276.6275,278.2153
2000-03-01,45.7,3.1,0,0001,273.8452,278.00778,277.79504,278.04703,278.0177,277.86444,277.65216
2000-03-01,45.7,3.2,0,0001,274.21436,278.4316,278.04114,278.31265,278.27356,278.10077,277.90216
2000-03-01,45.6,3.1,0,0001,273.7124,277.82614,277.54504,277.79312,277.7755,277.67303,277.6131
2000-03-01,45.6,3.2,0,0001,274.11084,278.2949,277.83606,278.0939,278.05676,277.90546,277.7928
2000-04-01,45.7,3.1,0,0001,276.7754,281.38428,281.42255,281.36243,280.8542,279.56635,278.088
2000-04-01,45.7,3.2,0,0001,277.17773,281.90967,281.78778,281.76672,281.25262,279.92963,278.37122
2000-04-01,45.6,3.1,0,0001,276.71484,281.18506,281.1784,281.13,280.6374,279.3847,277.97864
2000-04-01,45.6,3.2,0,0001,277.14258,281.76318,281.5827,281.56946,281.06317,279.7597,278.22864
2000-05-01,45.7,3.1,0,0001,281.95172,286.3803,286.49896,286.41013,285.784,283.85626,280.0475
2000-05-01,45.7,3.2,0,0001,282.45758,286.95648,286.88373,286.83395,286.20197,284.24493,280.38342
2000-05-01,45.6,3.1,0,0001,281.89703,286.22797,286.28998,286.19724,285.5711,283.64532,279.88733
2000-05-01,45.6,3.2,0,0001,282.41852,286.8471,286.70404,286.65622,286.02228,284.06134,280.21936
2000-06-01,45.7,3.1,0,0001,283.73956,289.34,289.57803,289.44223,288.69165,286.5426,282.53693
2000-06-01,45.7,3.2,0,0001,284.1302,289.81265,289.8964,289.8231,289.0725,286.9215,282.90802
2000-06-01,45.6,3.1,0,0001,283.66925,289.14078,289.35538,289.21567,288.46704,286.32776,282.35333
2000-06-01,45.6,3.2,0,0001,284.0794,289.66617,289.69717,289.62582,288.87134,286.73206,282.7381
2000-07-01,45.7,3.1,0,0001,283.45227,288.67572,288.82928,289.09003,288.73297,287.57553,284.81207
2000-07-01,45.7,3.2,0,0001,283.82336,289.26947,289.2824,289.5822,289.2115,288.00912,285.20465
2000-07-01,45.6,3.1,0,0001,283.39172,288.54486,288.63202,288.8791,288.52594,287.3763,284.6148
2000-07-01,45.6,3.2,0,0001,283.76672,289.20502,289.14178,289.43573,289.0611,287.85092,285.03278
2000-08-01,45.7,3.1,0,0001,285.77356,291.86566,291.7342,291.8495,291.35553,289.7306,286.53156
2000-08-01,45.7,3.2,0,0001,286.10754,292.50433,292.2088,292.37097,291.85358,290.1759,286.94562
2000-08-01,45.6,3.1,0,0001,285.72083,291.74066,291.46466,291.5702,291.08405,289.4806,286.32062
2000-08-01,45.6,3.2,0,0001,286.05676,292.44965,292.03497,292.19714,291.67584,290.00012,286.77765
2000-09-01,45.7,3.1,0,0001,283.35178,288.13864,287.83118,288.4079,288.5129,288.65808,287.88745
2000-09-01,45.7,3.2,0,0001,283.676,288.61325,288.14368,288.75165,288.86447,289.0409,288.2976
2000-09-01,45.6,3.1,0,0001,283.26974,287.98434,287.60657,288.16376,288.27072,288.4159,287.6609
2000-09-01,45.6,3.2,0,0001,283.61545,288.54294,287.95618,288.5583,288.6711,288.8534,288.12378
2000-10-01,45.7,3.1,0,0001,279.69818,283.0027,282.6172,283.3758,283.85535,285.28015,287.39435
2000-10-01,45.7,3.2,0,0001,280.03802,283.41284,282.84375,283.61993,284.10535,285.5829,287.77325
2000-10-01,45.6,3.1,0,0001,279.64154,282.81323,282.41406,283.159,283.63855,285.0614,287.1678
2000-10-01,45.6,3.2,0,0001,279.99506,283.26636,282.66602,283.4383,283.9276,285.4071,287.59747
2000-11-01,45.7,3.1,0,0001,276.70102,279.37607,278.85504,279.63037,280.20044,282.07953,285.60284
2000-11-01,45.7,3.2,0,0001,276.98813,279.81357,279.1187,279.89404,280.46802,282.35492,285.93292
2000-11-01,45.6,3.1,0,0001,276.67368,279.12802,278.62262,279.38037,279.95435,281.84125,285.37433
2000-11-01,45.6,3.2,0,0001,276.97055,279.60263,278.90973,279.6831,280.25903,282.15375,285.74542
2000-12-01,45.7,3.1,0,0001,275.13303,278.844,277.98053,278.77875,279.38254,280.93076,283.5866
2000-12-01,45.7,3.2,0,0001,275.41818,279.12134,278.05475,278.86078,279.48215,281.08115,283.85028
2000-12-01,45.6,3.1,0,0001,275.0627,278.52954,277.6407,278.45648,279.06027,280.62216,283.33466
2000-12-01,45.6,3.2,0,0001,275.34787,278.8108,277.71295,278.5346,279.15793,280.78232,283.62762
2001-01-01,45.7,3.1,0,0001,273.85626,276.6421,275.8099,276.44977,276.89212,278.3515,281.5488
2001-01-01,45.7,3.2,0,0001,274.17267,277.02686,276.03842,276.7115,277.1382,278.5605,281.75192
2001-01-01,45.6,3.1,0,0001,273.84845,276.49756,275.63998,276.399,276.8101,278.19135,281.30075
2001-01-01,45.6,3.2,0,0001,274.17853,276.89795,275.8685,276.60992,277.01712,278.39252,281.51755
2001-02-01,45.7,3.1,0,0001,272.85632,276.15964,275.52914,276.21252,276.5077,277.5437,279.79562
2001-02-01,45.7,3.2,0,0001,273.2118,276.50143,275.71274,276.47424,276.77332,277.80347,280.01047
2001-02-01,45.6,3.1,0,0001,272.7196,275.92722,275.285,276.19495,276.50378,277.50854,279.63547
2001-02-01,45.6,3.2,0,0001,273.08875,276.30417,275.49985,276.37268,276.67566,277.68042,279.81906
2001-03-01,45.7,3.1,0,0001,277.454,281.09497,280.70215,280.57553,280.1797,279.2351,278.96375
2001-03-01,45.7,3.2,0,0001,277.83878,281.64185,281.0459,280.93686,280.53125,279.5398,279.1942
2001-03-01,45.6,3.1,0,0001,277.45206,280.9192,280.5088,280.4017,280.01562,279.10034,278.83484
2001-03-01,45.6,3.2,0,0001,277.8505,281.50513,280.89746,280.79233,280.38672,279.40112,279.0321
2001-04-01,45.7,3.1,0,0001,275.7398,279.60968,279.73367,280.12613,280.05035,279.9131,279.55463
2001-04-01,45.7,3.2,0,0001,276.18903,280.14288,280.13602,280.54214,280.45074,280.2744,279.8437
2001-04-01,45.6,3.1,0,0001,275.66754,279.41827,279.54617,279.9191,279.84332,279.71582,279.39642
2001-04-01,45.6,3.2,0,0001,276.1324,280.0003,279.9993,280.3976,280.30035,280.1162,279.68158
2001-05-01,45.7,3.1,0,0001,282.24615,286.17377,286.29907,286.0,285.17053,282.9155,280.23325
2001-05-01,45.7,3.2,0,0001,282.76178,286.71088,286.69556,286.4453,285.6139,283.34518,280.59067
2001-05-01,45.6,3.1,0,0001,282.20123,286.02338,286.11743,285.81836,284.99084,282.73776,280.06528
2001-05-01,45.6,3.2,0,0001,282.74225,286.5976,286.54907,286.3047,285.47327,283.20847,280.44223
2001-06-01,45.7,3.1,0,0001,282.35815,288.25797,288.4041,288.53052,287.9779,286.26746,282.57394
2001-06-01,45.7,3.2,0,0001,282.82886,288.8107,288.8338,289.011,288.44275,286.703,282.988
2001-06-01,45.6,3.1,0,0001,282.4187,288.1525,288.2791,288.39575,287.8412,286.12683,282.40793
2001-06-01,45.6,3.2,0,0001,282.9187,288.76578,288.72833,288.90356,288.33533,286.59363,282.85715
2001-07-01,45.7,3.1,0,0001,285.29056,290.7187,290.71637,290.7873,290.23865,288.55774,284.98465
2001-07-01,45.7,3.2,0,0001,285.69095,291.36908,291.21832,291.33612,290.766,289.0265,285.4163
2001-07-01,45.6,3.1,0,0001,285.32376,290.5605,290.45856,290.52557,289.99255,288.3546,284.8206
2001-07-01,45.6,3.2,0,0001,285.7515,291.24603,290.98004,291.10565,290.5531,288.85852,285.2913
2001-08-01,45.7,3.1,0,0001,285.7777,291.7661,291.68304,291.9411,291.60406,290.25122,287.0901
2001-08-01,45.7,3.2,0,0001,286.11755,292.3794,292.22797,292.52704,292.17242,290.75708,287.54126
2001-08-01,45.6,3.1,0,0001,285.8031,291.55518,291.39008,291.6325,291.30133,289.97974,286.89478
2001-08-01,45.6,3.2,0,0001,286.16443,292.21338,291.97406,292.26923,291.91656,290.52856,287.38892
2001-09-01,45.7,3.1,0,0001,281.00113,284.97644,284.93658,285.75665,286.1632,287.3947,288.02338
2001-09-01,45.7,3.2,0,0001,281.36832,285.50964,285.33893,286.17072,286.59094,287.87518,288.49017
2001-09-01,45.6,3.1,0,0001,280.96402,284.80847,284.74713,285.5418,285.95227,287.17596,287.80853
2001-09-01,45.6,3.2,0,0001,281.3488,285.3944,285.18854,286.01447,286.44055,287.71503,288.3222
2001-10-01,45.7,3.1,0,0001,282.55832,286.26398,285.49847,285.99063,286.14697,286.57025,287.40283
2001-10-01,45.7,3.2,0,0001,282.94504,286.60968,285.6645,286.19766,286.37354,286.87885,287.84033
2001-10-01,45.6,3.1,0,0001,282.50754,286.0296,285.21332,285.69962,285.86182,286.30853,287.17432
2001-10-01,45.6,3.2,0,0001,282.90598,286.41632,285.40863,285.9418,286.1255,286.65814,287.66064
2001-11-01,45.7,3.1,0,0001,273.90594,275.76715,275.10852,276.62653,277.67212,280.84033,285.76227
2001-11-01,45.7,3.2,0,0001,274.2575,276.16364,275.41516,277.0113,278.04712,281.19775,286.14313
2001-11-01,45.6,3.1,0,0001,273.73407,275.55035,274.98157,276.87653,277.88696,280.9048,285.57672
2001-11-01,45.6,3.2,0,0001,274.11298,275.98395,275.25305,277.00934,278.0315,281.12354,285.96735
2001-12-01,45.7,3.1,0,0001,269.9354,272.74945,272.23584,273.7775,274.65015,277.21667,282.39923
2001-12-01,45.7,3.2,0,0001,270.12875,272.9604,272.32373,273.8361,274.7146,277.37292,282.73322
2001-12-01,45.6,3.1,0,0001,269.7108,272.5014,272.01904,273.64078,274.54663,277.1366,282.32306
2001-12-01,45.6,3.2,0,0001,269.92758,272.73773,272.11084,273.69937,274.5935,277.24597,282.59845
2002-01-01,45.7,3.1,0,0001,272.7095,275.78723,274.31494,274.35248,274.2729,275.0511,278.95148
2002-01-01,45.7,3.2,0,0001,273.03763,275.97668,274.35205,274.39545,274.35492,275.18195,279.16827
2002-01-01,45.6,3.1,0,0001,272.57083,275.57434,274.00635,274.13177,274.04828,274.89093,278.8636
2002-01-01,45.6,3.2,0,0001,272.9185,275.78528,274.04932,274.1806,274.13812,275.01007,279.0335
2002-02-01,45.7,3.1,0,0001,274.48926,277.8459,277.45355,277.67578,277.69373,277.7077,277.92236
2002-02-01,45.7,3.2,0,0001,274.85254,278.2365,277.6391,277.87695,277.87732,277.84637,278.08447
2002-02-01,45.6,3.1,0,0001,274.3994,277.53534,277.09222,277.35156,277.3734,277.40497,277.74658
2002-02-01,45.6,3.2,0,0001,274.78223,277.9709,277.3227,277.58008,277.57654,277.55145,277.8833
2002-03-01,45.7,3.1,0,0001,274.6866,279.7048,279.63687,279.6823,279.46793,278.87863,277.97122
2002-03-01,45.7,3.2,0,0001,275.03818,280.08566,279.83804,279.91278,279.7023,279.11887,278.16068
2002-03-01,45.6,3.1,0,0001,274.59286,279.48605,279.33804,279.3659,279.16324,278.6091,277.75638
2002-03-01,45.6,3.2,0,0001,274.98544,279.91965,279.6017,279.6706,279.46402,278.8923,277.94778
2002-04-01,45.7,3.1,0,0001,276.44345,281.70728,281.79977,281.87915,281.43622,280.27707,278.80127
2002-04-01,45.7,3.2,0,0001,276.89267,282.2561,282.13962,282.2522,281.78387,280.56808,279.02783
2002-04-01,45.6,3.1,0,0001,276.41025,281.52954,281.5732,281.63892,281.19012,280.0173,278.55518
2002-04-01,45.6,3.2,0,0001,276.89072,282.1311,281.97556,282.07837,281.60223,280.363,278.80908
2002-05-01,45.7,3.1,0,0001,279.24872,284.57126,284.8011,284.88196,284.3731,282.8671,280.0966
2002-05-01,45.7,3.2,0,0001,279.70966,285.08884,285.1839,285.29993,284.7813,283.22647,280.37784
2002-05-01,45.6,3.1,0,0001,279.22723,284.39938,284.596,284.6593,284.1485,282.63077,279.8544
2002-05-01,45.6,3.2,0,0001,279.69598,284.96774,285.01202,285.12415,284.60162,283.04092,280.17862
2002-06-01,45.7,3.1,0,0001,284.44763,290.5193,290.66278,290.43872,289.54932,286.8298,282.3025
2002-06-01,45.7,3.2,0,0001,284.87146,291.09937,291.07684,290.90942,290.0044,287.23605,282.63843
2002-06-01,45.6,3.1,0,0001,284.43396,290.36694,290.4499,290.21997,289.32666,286.60324,282.06616
2002-06-01,45.6,3.2,0,0001,284.88318,290.99976,290.8874,290.72192,289.813,287.04465,282.44507
2002-07-01,45.7,3.1,0,0001,284.81738,289.80054,289.94473,290.07147,289.6203,288.2397,284.9704
2002-07-01,45.7,3.2,0,0001,285.22754,290.3982,290.40567,290.57538,290.1164,288.69672,285.35516
2002-07-01,45.6,3.1,0,0001,284.8213,289.69116,289.78653,289.89764,289.4406,288.04437,284.7458
2002-07-01,45.6,3.2,0,0001,285.24512,290.3396,290.29434,290.45624,289.9875,288.54633,285.17352
2002-08-01,45.7,3.1,0,0001,285.54413,289.46375,289.496,289.8255,289.63837,288.95398,286.72214
2002-08-01,45.7,3.2,0,0001,285.98553,290.0868,289.94717,290.30402,290.11493,289.4032,287.12448
2002-08-01,45.6,3.1,0,0001,285.50897,289.34265,289.32217,289.63605,289.445,288.7489,286.5073
2002-08-01,45.6,3.2,0,0001,285.96796,290.01257,289.81436,290.1712,289.97626,289.25085,286.95456
2002-09-01,45.7,3.1,0,0001,282.45047,285.93597,285.77646,286.5398,286.8579,287.6196,287.57672
2002-09-01,45.7,3.2,0,0001,282.86844,286.4223,286.13193,286.91284,287.23877,288.02194,287.98492
2002-09-01,45.6,3.1,0,0001,282.38602,285.75433,285.587,286.33667,286.65674,287.4243,287.37164
2002-09-01,45.6,3.2,0,0001,282.83524,286.28168,285.96982,286.74878,287.0786,287.86765,287.82477
2002-10-01,45.7,3.1,0,0001,280.36487,283.66733,283.115,283.6979,283.99863,284.94354,286.8017
2002-10-01,45.7,3.2,0,0001,280.71057,284.05795,283.34546,283.9479,284.2623,285.25604,287.18646
2002-10-01,45.6,3.1,0,0001,280.30823,283.44467,282.88647,283.46158,283.76816,284.7248,286.5927
2002-10-01,45.6,3.2,0,0001,280.65784,283.85483,283.13843,283.74088,284.06308,285.07635,287.0224
2002-11-01,45.7,3.1,0,0001,277.79114,280.25195,279.72144,280.52765,281.09375,282.68274,285.4165
2002-11-01,45.7,3.2,0,0001,278.22668,280.69727,280.00464,280.80304,281.3672,282.96204,285.75635
2002-11-01,45.6,3.1,0,0001,277.71692,280.05273,279.5144,280.29718,280.86523,282.45422,285.1997
2002-11-01,45.6,3.2,0,0001,278.16028,280.53516,279.823,280.61163,281.17578,282.76672,285.5786
2002-12-01,45.7,3.1,0,0001,276.26172,278.08813,277.37485,277.92545,278.32697,279.70544,283.1687
2002-12-01,45.7,3.2,0,0001,276.56836,278.3811,277.5643,278.15005,278.56134,279.96326,283.47144
2002-12-01,45.6,3.1,0,0001,276.13477,277.8225,277.09164,277.7477,278.14923,279.52576,282.96558
2002-12-01,45.6,3.2,0,0001,276.45117,278.135,277.2889,277.94107,278.35626,279.7699,283.2898
2003-01-01,45.7,3.1,0,0001,270.3689,273.26416,272.78882,274.26605,274.8886,277.05646,280.9371
2003-01-01,45.7,3.2,0,0001,270.63257,273.54346,272.9392,274.42816,275.05658,277.2303,281.16953
2003-01-01,45.6,3.1,0,0001,270.22046,273.0415,272.56616,274.12933,274.74603,276.88263,280.74374
2003-01-01,45.6,3.2,0,0001,270.4978,273.33838,272.75366,274.28363,274.90033,277.0467,280.97812
2003-02-01,45.7,3.1,0,0001,270.0292,274.26245,272.7929,274.0808,274.26715,275.3746,278.51886
2003-02-01,45.7,3.2,0,0001,270.31046,274.6101,273.0976,274.3308,274.52496,275.61484,278.722
2003-02-01,45.6,3.1,0,0001,269.9042,273.99097,272.39252,274.20972,274.39996,275.43124,278.39386
2003-02-01,45.6,3.2,0,0001,270.20303,274.3933,272.77533,274.3152,274.5152,275.56406,278.56183
2003-03-01,45.7,3.1,0,0001,274.3509,280.0629,279.3894,279.1825,278.82944,277.9184,277.6052
2003-03-01,45.7,3.2,0,0001,274.79425,280.44376,279.50073,279.35632,279.0013,278.1176,277.80832
2003-03-01,45.6,3.1,0,0001,274.22394,279.86954,279.12378,278.92273,278.5892,277.75043,277.51144
2003-03-01,45.6,3.2,0,0001,274.7005,280.29337,279.27612,279.10242,278.75912,277.91644,277.66183
2003-04-01,45.7,3.1,0,0001,275.88925,282.52933,282.35797,282.3669,281.8584,280.36993,278.30096
2003-04-01,45.7,3.2,0,0001,276.2955,283.07034,282.71344,282.77512,282.23535,280.66486,278.52167
2003-04-01,45.6,3.1,0,0001,275.91464,282.32425,282.0689,282.113,281.61426,280.15118,278.15253
2003-04-01,45.6,3.2,0,0001,276.34628,282.9141,282.4654,282.53488,282.00098,280.4461,278.34198
2003-05-01,45.7,3.1,0,0001,280.6046,286.32806,286.44043,286.31628,285.6532,283.82452,280.2798
2003-05-01,45.7,3.2,0,0001,281.04407,286.93353,286.90137,286.81628,286.12,284.19757,280.55908
2003-05-01,45.6,3.1,0,0001,280.589,286.18353,286.23926,286.10925,285.4442,283.6175,280.09814
2003-05-01,45.6,3.2,0,0001,281.0382,286.8437,286.74316,286.65613,285.94812,284.00812,280.36963
2003-06-01,45.7,3.1,0,0001,287.04868,294.0216,294.08118,293.68732,292.5418,288.96375,283.02496
2003-06-01,45.7,3.2,0,0001,287.23227,294.7013,294.73547,294.4002,293.17462,289.4032,283.35895
2003-06-01,45.6,3.1,0,0001,286.94516,293.9298,293.91125,293.5135,292.36017,288.77234,282.83746
2003-06-01,45.6,3.2,0,0001,287.1229,294.672,294.64954,294.32013,293.06525,289.245,283.18317
2003-07-01,45.7,3.1,0,0001,284.15747,293.03638,293.56503,293.7591,293.16428,291.20807,286.38885
2003-07-01,45.7,3.2,0,0001,284.3567,293.82935,294.40097,294.63995,293.97678,291.81744,286.79315
2003-07-01,45.6,3.1,0,0001,284.2102,292.9016,293.33066,293.5208,292.91818,290.97565,286.18964
2003-07-01,45.6,3.2,0,0001,284.41724,293.75122,294.26816,294.51105,293.83615,291.67096,286.63104
2003-08-01,45.7,3.1,0,0001,286.01474,296.15997,295.85278,295.9975,295.37015,293.41812,289.13748
2003-08-01,45.7,3.2,0,0001,286.11044,296.94513,296.5774,296.7846,296.11038,294.02164,289.6082
2003-08-01,45.6,3.1,0,0001,286.2042,296.00763,295.50903,295.6479,295.02444,293.10953,288.90115
2003-08-01,45.6,3.2,0,0001,286.33505,296.84357,296.34106,296.5561,295.88382,293.82047,289.44217
2003-09-01,45.7,3.1,0,0001,281.886,287.42377,287.04816,287.8776,288.27875,289.51587,290.2057
2003-09-01,45.7,3.2,0,0001,282.2434,287.8886,287.36652,288.22525,288.64984,289.99048,290.70178
2003-09-01,45.6,3.1,0,0001,281.85083,287.21088,286.7884,287.60416,288.01117,289.2561,289.94983
2003-09-01,45.6,3.2,0,0001,282.23364,287.73822,287.1458,288.0026,288.43304,289.7893,290.5221
2003-10-01,45.7,3.1,0,0001,278.53693,281.77002,281.39337,282.54547,283.38556,285.88126,289.1499
2003-10-01,45.7,3.2,0,0001,278.8709,282.20947,281.7254,282.8521,283.6922,286.27188,289.62842
2003-10-01,45.6,3.1,0,0001,278.46857,281.61572,281.16876,282.36383,283.1922,285.64493,288.8921
2003-10-01,45.6,3.2,0,0001,278.8299,282.10205,281.534,282.70563,283.534,286.08243,289.43506
2003-11-01,45.7,3.1,0,0001,277.21857,280.02252,279.16428,279.8426,280.3427,282.0219,286.4449
2003-11-01,45.7,3.2,0,0001,277.52716,280.28033,279.3381,280.03986,280.55365,282.31683,286.90582
2003-11-01,45.6,3.1,0,0001,277.08966,279.8155,278.93967,279.61407,280.12006,281.81097,286.2027
2003-11-01,45.6,3.2,0,0001,277.41583,280.1026,279.11935,279.81915,280.34076,282.12347,286.7105
2003-12-01,45.7,3.1,0,0001,273.28473,275.55902,274.58447,275.82684,276.6327,279.02267,283.69202
2003-12-01,45.7,3.2,0,0001,273.52692,275.7719,274.7212,276.1081,276.9159,279.31564,284.08264
2003-12-01,45.6,3.1,0,0001,273.10504,275.3051,274.31885,275.94208,276.71277,278.99924,283.51038
2003-12-01,45.6,3.2,0,0001,273.34332,275.5141,274.41455,276.07684,276.86316,279.21017,283.90295
2004-01-01,45.7,3.1,0,0001,272.853,275.20993,274.10312,275.62946,276.0219,277.4296,280.86414
2004-01-01,45.7,3.2,0,0001,273.17917,275.56345,274.28085,275.9771,276.36176,277.75186,281.19617
2004-01-01,45.6,3.1,0,0001,272.68307,274.92868,273.775,275.7232,276.11176,277.46475,280.77625
2004-01-01,45.6,3.2,0,0001,273.03854,275.3447,273.97226,275.88727,276.27582,277.65225,281.04968
2004-02-01,45.7,3.1,0,0001,271.40253,275.01495,273.67606,274.78546,275.22256,276.41724,279.02982
2004-02-01,45.7,3.2,0,0001,271.73065,275.3509,273.77762,274.96906,275.41397,276.65552,279.3267
2004-02-01,45.6,3.1,0,0001,271.2541,274.84308,273.43777,274.63702,275.06046,276.29224,278.95755
2004-02-01,45.6,3.2,0,0001,271.62323,275.22003,273.56473,274.76202,275.19717,276.4524,279.16653
2004-03-01,45.7,3.1,0,0001,273.1061,277.09705,276.4518,276.5736,276.35864,276.37363,277.56866
2004-03-01,45.7,3.2,0,0001,273.54947,277.61658,276.79556,276.9779,276.78052,276.7369,277.85382
2004-03-01,45.6,3.1,0,0001,272.99088,276.88025,276.16275,276.48572,276.31958,276.35214,277.51398
2004-03-01,45.6,3.2,0,0001,273.46744,277.44275,276.56705,276.849,276.66724,276.63144,277.70734
2004-04-01,45.7,3.1,0,0001,276.92435,280.30573,280.51227,280.61337,280.22687,279.01837,277.717
2004-04-01,45.7,3.2,0,0001,277.37552,280.8487,280.91852,281.05283,280.6585,279.4344,278.0627
2004-04-01,45.6,3.1,0,0001,276.85013,280.1065,280.29156,280.39072,280.01593,278.8504,277.62912
2004-04-01,45.6,3.2,0,0001,277.32083,280.69244,280.7447,280.8751,280.48468,279.27032,277.91428
2004-05-01,45.7,3.1,0,0001,279.0672,284.05487,284.29718,284.30255,283.6853,281.96866,279.09723
2004-05-01,45.7,3.2,0,0001,279.5594,284.62714,284.73077,284.78302,284.156,282.41202,279.49957
2004-05-01,45.6,3.1,0,0001,279.08868,283.89276,284.10773,284.10138,283.48608,281.7792,278.95856
2004-05-01,45.6,3.2,0,0001,279.59845,284.5119,284.57257,284.6209,283.98804,282.24405,279.34137
2004-06-01,45.7,3.1,0,0001,283.2011,289.08035,289.31717,289.0959,288.23737,285.82062,281.5111
2004-06-01,45.7,3.2,0,0001,283.64838,289.66238,289.75467,289.59393,288.71783,286.26984,281.95447
2004-06-01,45.6,3.1,0,0001,283.1679,288.88895,289.11795,288.89667,288.04205,285.63702,281.3529
2004-06-01,45.6,3.2,0,0001,283.63666,289.53934,289.59842,289.43768,288.55768,286.10577,281.80017
2004-07-01,45.7,3.1,0,0001,284.56036,290.5548,290.8355,290.86542,290.22012,288.22235,284.163
2004-07-01,45.7,3.2,0,0001,284.8377,291.27747,291.46442,291.54315,290.84512,288.73993,284.63565
2004-07-01,45.6,3.1,0,0001,284.52325,290.45715,290.70465,290.72675,290.06973,288.06024,283.99307
2004-07-01,45.6,3.2,0,0001,284.8084,291.24426,291.42535,291.49628,290.77286,288.62665,284.49307
2004-08-01,45.7,3.1,0,0001,286.02856,290.97412,290.9629,291.29794,291.07867,290.01843,286.67053
2004-08-01,45.7,3.2,0,0001,286.3938,291.55225,291.3789,291.76474,291.55133,290.48523,287.14514
2004-08-01,45.6,3.1,0,0001,285.98364,290.81982,290.7461,291.0753,290.86188,289.8192,286.49084
2004-08-01,45.6,3.2,0,0001,286.3684,291.45068,291.22266,291.6124,291.40094,290.34265,287.00842
2004-09-01,45.7,3.1,0,0001,283.17664,288.05988,287.8498,288.38574,288.4773,288.7102,287.95178
2004-09-01,45.7,3.2,0,0001,283.44617,288.52667,288.2326,288.79785,288.89917,289.16138,288.40295
2004-09-01,45.6,3.1,0,0001,283.03406,287.83917,287.5666,288.09473,288.1941,288.45435,287.7467
2004-09-01,45.6,3.2,0,0001,283.32703,288.37433,288.0197,288.583,288.6902,288.96802,288.24866
2004-10-01,45.7,3.1,0,0001,281.40405,285.09222,284.57422,285.23257,285.56464,286.4054,287.67426
2004-10-01,45.7,3.2,0,0001,281.81226,285.59418,284.90625,285.57632,285.91815,286.79602,288.1137
2004-10-01,45.6,3.1,0,0001,281.3943,284.93597,284.3828,285.0236,285.35175,286.18665,287.45355
2004-10-01,45.6,3.2,0,0001,281.81616,285.47504,284.74805,285.41812,285.75604,286.63586,287.9516
2004-11-01,45.7,3.1,0,0001,275.4729,277.0545,276.83463,277.9596,278.86383,281.5724,285.99414
2004-11-01,45.7,3.2,0,0001,275.7893,277.37677,277.0651,278.22522,279.13336,281.89856,286.40625
2004-11-01,45.6,3.1,0,0001,275.25024,276.7967,276.569,277.76624,278.6646,281.3673,285.7754
2004-11-01,45.6,3.2,0,0001,275.58618,277.1424,276.81314,278.01428,278.92633,281.70325,286.23242
2004-12-01,45.7,3.1,0,0001,273.33868,275.24448,274.4801,275.1847,275.85938,278.10495,282.86877
2004-12-01,45.7,3.2,0,0001,273.54962,275.43198,274.5719,275.3546,276.04297,278.32565,283.21057
2004-12-01,45.6,3.1,0,0001,273.19806,275.07846,274.2848,275.03235,275.70703,277.93112,282.6676
2004-12-01,45.6,3.2,0,0001,273.43634,275.29916,274.37073,275.16907,275.85547,278.1362,283.02502
2005-01-01,45.7,3.1,0,0001,271.7514,274.31348,273.38,274.6587,275.246,276.74026,280.14658
2005-01-01,45.7,3.2,0,0001,272.04047,274.4912,273.36243,274.7798,275.32803,276.85355,280.38095
2005-01-01,45.6,3.1,0,0001,271.5307,273.99902,272.99915,274.60986,275.0839,276.5137,279.9337
2005-01-01,45.6,3.2,0,0001,271.85492,274.22754,273.0089,274.61182,275.10538,276.59964,280.16415
2005-02-01,45.7,3.1,0,0001,268.99557,271.79575,270.2768,273.33252,273.54095,274.77365,277.995
2005-02-01,45.7,3.2,0,0001,269.49948,272.31528,270.4604,273.68408,273.94525,275.14474,278.22156
2005-02-01,45.6,3.1,0,0001,268.83542,271.54965,269.97015,273.78174,274.0761,275.18576,277.95593
2005-02-01,45.6,3.2,0,0001,269.38425,272.1473,270.185,273.8501,274.15033,275.2756,278.0946
2005-03-01,45.7,3.1,0,0001,273.77438,277.71973,276.55804,277.2404,276.81067,275.9924,276.5512
2005-03-01,45.7,3.2,0,0001,274.27243,278.2373,276.63226,277.4689,277.05872,276.24045,276.7934
2005-03-01,45.6,3.1,0,0001,273.58688,277.4912,276.16742,277.08023,276.71692,276.00803,276.6391
2005-03-01,45.6,3.2,0,0001,274.12595,278.11035,276.31195,277.30093,276.9181,276.15646,276.74066
2005-04-01,45.7,3.1,0,0001,277.09332,281.62317,281.46594,281.44342,280.9472,279.73022,277.52106
2005-04-01,45.7,3.2,0,0001,277.52887,282.1388,281.7804,281.80084,281.2968,280.0603,277.8062
2005-04-01,45.6,3.1,0,0001,277.0406,281.4845,281.3175,281.3028,280.81635,279.6228,277.51324
2005-04-01,45.6,3.2,0,0001,277.5074,282.0509,281.67493,281.69928,281.1933,279.94702,277.71246
2005-05-01,45.7,3.1,0,0001,280.1809,286.01996,286.18896,286.12155,285.43335,283.1996,279.42932
2005-05-01,45.7,3.2,0,0001,280.6516,286.55316,286.52686,286.50632,285.81226,283.56287,279.7594
2005-05-01,45.6,3.1,0,0001,280.12036,285.9145,286.03857,285.97702,285.29858,283.09216,279.37268
2005-05-01,45.6,3.2,0,0001,280.6067,286.49457,286.4038,286.39108,285.70093,283.46716,279.66565
2005-06-01,45.7,3.1,0,0001,285.0994,290.7389,290.91095,290.70282,289.792,287.02557,282.1324
2005-06-01,45.7,3.2,0,0001,285.52518,291.29163,291.3094,291.16376,290.23145,287.42206,282.50934
2005-06-01,45.6,3.1,0,0001,285.01736,290.63538,290.74103,290.5329,289.62207,286.87714,282.03864
2005-06-01,45.6,3.2,0,0001,285.45096,291.25842,291.18243,291.0407,290.1006,287.28925,282.40778
2005-07-01,45.7,3.1,0,0001,285.17053,291.50443,291.76523,291.8839,291.3375,289.56134,285.20703
2005-07-01,45.7,3.2,0,0001,285.4889,292.15286,292.30038,292.46204,291.87656,290.01056,285.61133
2005-07-01,45.6,3.1,0,0001,285.12756,291.40482,291.61093,291.72375,291.17734,289.4051,285.08008
2005-07-01,45.6,3.2,0,0001,285.44983,292.13724,292.25742,292.4171,291.81015,289.9051,285.5
2005-08-01,45.7,3.1,0,0001,283.26147,289.41147,289.47986,289.86002,289.69983,289.319,287.31183
2005-08-01,45.7,3.2,0,0001,283.5642,290.00912,290.01892,290.43033,290.25842,289.8444,287.76105
2005-08-01,45.6,3.1,0,0001,283.17163,289.32358,289.36658,289.73306,289.57092,289.18228,287.17316
2005-08-01,45.6,3.2,0,0001,283.4724,289.9896,290.0111,290.4186,290.23694,289.79752,287.6673
2005-09-01,45.7,3.1,0,0001,283.64886,287.51227,287.30493,287.98096,288.2022,288.5233,288.1028
2005-09-01,45.7,3.2,0,0001,284.0063,288.08453,287.70923,288.40674,288.63385,288.9686,288.56375
2005-09-01,45.6,3.1,0,0001,283.5219,287.3443,287.09985,287.7622,287.98737,288.32797,287.95047
2005-09-01,45.6,3.2,0,0001,283.9145,287.97906,287.55493,288.2505,288.47955,288.83774,288.47195
2005-10-01,45.7,3.1,0,0001,282.30505,285.9392,285.38306,285.76642,285.8576,286.25446,287.52365
2005-10-01,45.7,3.2,0,0001,282.62927,286.27905,285.57056,285.99298,286.10565,286.58258,287.9553
2005-10-01,45.6,3.1,0,0001,282.20544,285.66968,285.07837,285.4676,285.5783,286.0279,287.34787
2005-10-01,45.6,3.2,0,0001,282.54138,286.03296,285.2932,285.73126,285.86542,286.4029,287.84006
2005-11-01,45.7,3.1,0,0001,274.4007,277.3907,276.6493,278.26285,279.45453,282.7042,286.43622
2005-11-01,45.7,3.2,0,0001,274.7386,277.6817,276.76062,278.423,279.61273,282.90146,286.78192
2005-11-01,45.6,3.1,0,0001,274.23077,277.16608,276.42273,278.15933,279.30804,282.47958,286.22137
2005-11-01,45.6,3.2,0,0001,274.57843,277.4688,276.536,278.2609,279.4272,282.68857,286.61395
2005-12-01,45.7,3.1,0,0001,270.5879,273.05963,271.7397,273.43018,274.32214,276.91333,282.8324
2005-12-01,45.7,3.2,0,0001,270.87695,273.29596,271.9604,273.72705,274.59167,277.1848,283.12537
2005-12-01,45.6,3.1,0,0001,270.3711,272.8858,271.476,273.6333,274.50378,277.02466,282.7328
2005-12-01,45.6,3.2,0,0001,270.68945,273.14557,271.68695,273.71533,274.57605,277.13403,282.9945
2006-01-01,45.7,3.1,0,0001,271.7271,273.9892,272.60486,273.4637,273.74127,275.21747,279.3454
2006-01-01,45.7,3.2,0,0001,272.00836,274.22357,272.7611,273.70004,274.02643,275.51434,279.60907
2006-01-01,45.6,3.1,0,0001,271.6353,273.8642,272.36658,273.5399,273.86627,275.3327,279.35516
2006-01-01,45.6,3.2,0,0001,271.9029,274.10638,272.48767,273.61606,273.9522,275.43427,279.51337
2006-02-01,45.7,3.1,0,0001,271.3042,273.8907,273.27844,274.0165,274.12646,274.87805,277.27908
2006-02-01,45.7,3.2,0,0001,271.55615,274.22858,273.45227,274.25674,274.38037,275.11438,277.5154
2006-02-01,45.6,3.1,0,0001,271.13428,273.71295,272.9757,273.89737,274.03467,274.839,277.30447
2006-02-01,45.6,3.2,0,0001,271.41943,274.06842,273.17688,274.11026,274.23975,274.99524,277.41776
2006-03-01,45.7,3.1,0,0001,274.05344,278.05023,277.6965,277.46802,277.0281,276.21643,276.39066
2006-03-01,45.7,3.2,0,0001,274.44992,278.56195,278.03635,277.87817,277.42654,276.56604,276.65628
2006-03-01,45.6,3.1,0,0001,273.96945,277.89594,277.4543,277.28442,276.8621,276.09534,276.3555
2006-03-01,45.6,3.2,0,0001,274.38742,278.43695,277.82346,277.66724,277.22342,276.39612,276.53128
2006-04-01,45.7,3.1,0,0001,276.9298,281.16943,281.11487,281.27948,280.9351,279.7287,277.29956
2006-04-01,45.7,3.2,0,0001,277.40247,281.69287,281.4547,281.6584,281.3101,280.09784,277.6277
2006-04-01,45.6,3.1,0,0001,276.90442,281.06592,280.97424,281.14862,280.80618,279.60565,277.21948
2006-04-01,45.6,3.2,0,0001,277.40637,281.63428,281.3551,281.55682,281.2007,279.96698,277.48706
2006-05-01,45.7,3.1,0,0001,280.9137,285.35117,285.5628,285.50305,284.8875,282.9792,279.3239
2006-05-01,45.7,3.2,0,0001,281.3512,285.86484,285.91046,285.89172,285.27228,283.35223,279.6872
2006-05-01,45.6,3.1,0,0001,280.859,285.20078,285.41046,285.34875,284.73322,282.8288,279.2126
2006-05-01,45.6,3.2,0,0001,281.318,285.75742,285.78546,285.77063,285.14337,283.2155,279.55438
2006-06-01,45.7,3.1,0,0001,283.86847,290.21405,290.43027,290.12128,289.06195,286.25244,281.76587
2006-06-01,45.7,3.2,0,0001,284.33136,290.75116,290.8502,290.60956,289.5229,286.65674,282.1526
2006-06-01,45.6,3.1,0,0001,283.8294,290.0832,290.2584,289.95526,288.8979,286.10205,281.63892
2006-06-01,45.6,3.2,0,0001,284.3001,290.67303,290.7252,290.49823,289.40375,286.5298,282.0276
2006-07-01,45.7,3.1,0,0001,288.55353,294.50134,294.51996,294.34695,293.48163,290.72247,285.14368
2006-07-01,45.7,3.2,0,0001,288.9051,295.14392,295.0434,294.93094,294.04022,291.19122,285.54797
2006-07-01,45.6,3.1,0,0001,288.51837,294.41345,294.2719,294.10086,293.2453,290.51935,284.98547
2006-07-01,45.6,3.2,0,0001,288.88165,295.11462,294.84808,294.75125,293.85858,291.01935,285.4132
2006-08-01,45.7,3.1,0,0001,283.7223,287.95178,288.15204,288.8645,289.06683,289.38116,287.68442
2006-08-01,45.7,3.2,0,0001,284.1344,288.52795,288.58368,289.31567,289.5219,289.846,288.10434
2006-08-01,45.6,3.1,0,0001,283.693,287.79163,287.9665,288.65552,288.8598,289.17218,287.49106
2006-08-01,45.6,3.2,0,0001,284.11682,288.42834,288.45477,289.17114,289.37933,289.6917,287.9481
2006-09-01,45.7,3.1,0,0001,285.48483,289.62665,289.29065,289.58176,289.4575,289.10233,288.2956
2006-09-01,45.7,3.2,0,0001,285.8032,290.04852,289.60315,289.93137,289.81686,289.48514,288.70966
2006-09-01,45.6,3.1,0,0001,285.39304,289.42157,289.06018,289.34543,289.2231,288.88162,288.09247
2006-09-01,45.6,3.2,0,0001,285.73093,289.904,289.4254,289.75754,289.64108,289.32108,288.55145
2006-10-01,45.7,3.1,0,0001,282.7022,286.61493,286.04413,286.54675,286.73822,287.2676,288.20267
2006-10-01,45.7,3.2,0,0001,283.04596,286.95087,286.21014,286.74792,286.95697,287.55276,288.58157
2006-10-01,45.6,3.1,0,0001,282.61432,286.39423,285.78632,286.28308,286.4843,287.0352,287.99173
2006-10-01,45.6,3.2,0,0001,282.97174,286.77118,285.9875,286.52722,286.74603,287.36722,288.4175
2006-11-01,45.7,3.1,0,0001,277.50513,280.50467,279.87564,280.71732,281.42242,283.4254,286.79962
2006-11-01,45.7,3.2,0,0001,277.8313,280.80936,280.07877,280.9009,281.60602,283.6422,287.11798
2006-11-01,45.6,3.1,0,0001,277.37817,280.29373,279.62564,280.4302,281.13336,283.14417,286.56525
2006-11-01,45.6,3.2,0,0001,277.71997,280.62772,279.85416,280.66068,281.36578,283.4137,286.93243
2006-12-01,45.7,3.1,0,0001,272.7401,275.928,274.7285,275.97513,276.91345,279.94476,284.5248
2006-12-01,45.7,3.2,0,0001,273.10144,276.09207,274.7695,276.05716,277.01306,280.10687,284.79825
2006-12-01,45.6,3.1,0,0001,272.60925,275.79324,274.50192,275.82474,276.7611,279.7514,284.28848
2006-12-01,45.6,3.2,0,0001,272.98035,275.97098,274.51755,275.86575,276.8275,279.91547,284.6049
2007-01-01,45.7,3.1,0,0001,274.6231,276.71796,275.96832,278.4895,278.62402,279.12332,281.69855
2007-01-01,45.7,3.2,0,0001,274.92194,277.07538,276.04254,278.59302,278.7373,279.2581,281.89777
2007-01-01,45.6,3.1,0,0001,274.40045,276.40155,275.60114,278.2356,278.37598,278.90262,281.48956
2007-01-01,45.6,3.2,0,0001,274.7071,276.76093,275.67926,278.28442,278.43652,279.00027,281.69464
2007-02-01,45.7,3.1,0,0001,274.83514,278.0515,277.2875,277.77716,277.8459,278.35132,280.31772
2007-02-01,45.7,3.2,0,0001,275.14764,278.40308,277.46915,277.9842,278.03534,278.50757,280.48178
2007-02-01,45.6,3.1,0,0001,274.7121,277.74292,276.975,277.5428,277.61932,278.14233,280.1146
2007-02-01,45.6,3.2,0,0001,275.0285,278.114,277.18008,277.7381,277.7912,278.26538,280.26303
2007-03-01,45.7,3.1,0,0001,274.30835,278.1068,277.61493,278.4153,278.61923,279.12024,279.76816
2007-03-01,45.7,3.2,0,0001,274.78687,278.6322,277.95087,278.7493,278.9337,279.3839,279.95956
2007-03-01,45.6,3.1,0,0001,274.2517,277.97986,277.404,278.2825,278.47275,278.9347,279.5533
2007-03-01,45.6,3.2,0,0001,274.7478,278.5443,277.8122,278.64578,278.81454,279.21204,279.7369
2007-04-01,45.7,3.1,0,0001,280.00568,285.37726,285.02667,284.68735,283.82452,281.61475,279.68835
2007-04-01,45.7,3.2,0,0001,280.56818,285.91046,285.30988,285.03305,284.16632,281.94873,279.9403
2007-04-01,45.6,3.1,0,0001,279.98615,285.3011,284.79034,284.4686,283.61554,281.4292,279.50085
2007-04-01,45.6,3.2,0,0001,280.58966,285.88507,285.12433,284.86313,284.00226,281.79834,279.75867
2007-05-01,45.7,3.1,0,0001,281.87994,286.30206,286.484,286.66772,286.29425,284.98755,281.72217
2007-05-01,45.7,3.2,0,0001,282.31354,286.7923,286.8258,287.0349,286.65363,285.31958,282.01904
2007-05-01,45.6,3.1,0,0001,281.80377,286.1009,286.25745,286.42554,286.05206,284.75317,281.5171
2007-05-01,45.6,3.2,0,0001,282.253,286.638,286.6305,286.8435,286.4583,285.12622,281.8413
2007-06-01,45.7,3.1,0,0001,284.73108,288.69055,288.8569,288.93634,288.45734,287.03552,283.79495
2007-06-01,45.7,3.2,0,0001,285.18225,289.25305,289.27682,289.38556,288.9007,287.45154,284.1426
2007-06-01,45.6,3.1,0,0001,284.69788,288.5597,288.72995,288.7918,288.3011,286.85583,283.58597
2007-06-01,45.6,3.2,0,0001,285.1725,289.17883,289.17722,289.2801,288.7874,287.31287,283.96683
2007-07-01,45.7,3.1,0,0001,284.23615,289.54645,289.7641,289.90765,289.4786,288.10815,285.5944
2007-07-01,45.7,3.2,0,0001,284.6463,290.12067,290.12347,290.31195,289.8868,288.52026,285.98502
2007-07-01,45.6,3.1,0,0001,284.20685,289.38824,289.57074,289.70648,289.2794,287.90698,285.39322
2007-07-01,45.6,3.2,0,0001,284.63068,290.01715,289.96722,290.16156,289.73447,288.364,285.82095
2007-08-01,45.7,3.1,0,0001,284.95673,289.17538,289.22342,289.57962,289.41916,288.82037,287.1338
2007-08-01,45.7,3.2,0,0001,285.36102,289.69492,289.5574,289.9507,289.79416,289.20905,287.53027
2007-08-01,45.6,3.1,0,0001,284.9001,289.0543,289.04764,289.3843,289.2219,288.6192,286.93066
2007-08-01,45.6,3.2,0,0001,285.32587,289.63242,289.43045,289.81985,289.6594,289.06256,287.3662
2007-09-01,45.7,3.1,0,0001,281.82285,285.54953,285.5299,286.23828,286.5103,287.32947,287.6112
2007-09-01,45.7,3.2,0,0001,282.15878,285.9753,285.80334,286.53125,286.8072,287.64978,287.9862
2007-09-01,45.6,3.1,0,0001,281.71152,285.3464,285.33264,286.02734,286.30133,287.12634,287.40613
2007-09-01,45.6,3.2,0,0001,282.06894,285.82492,285.651,286.375,286.65094,287.49548,287.828
2007-10-01,45.7,3.1,0,0001,279.44373,282.19943,282.1533,283.03094,283.59314,285.06213,287.02808
2007-10-01,45.7,3.2,0,0001,279.7035,282.5002,282.3408,283.23602,283.8119,285.3297,287.36792
2007-10-01,45.6,3.1,0,0001,279.25427,281.9338,281.874,282.7458,283.31775,284.818,286.8191
2007-10-01,45.6,3.2,0,0001,279.54138,282.2678,282.08688,282.9743,283.56384,285.11877,287.20386
2007-11-01,45.7,3.1,0,0001,274.3608,276.51068,276.2151,277.16455,277.8945,280.2283,284.7403
2007-11-01,45.7,3.2,0,0001,274.6284,276.77045,276.40063,277.36963,278.10544,280.44705,285.0157
2007-11-01,45.6,3.1,0,0001,274.13815,276.25092,275.96313,276.97314,277.6992,280.01736,284.51764
2007-11-01,45.6,3.2,0,0001,274.42526,276.54388,276.17798,277.18604,277.9199,280.25565,284.83014
2007-12-01,45.7,3.1,0,0001,272.23517,274.9249,273.25775,274.69702,275.38586,277.5576,281.93387
2007-12-01,45.7,3.2,0,0001,272.53986,275.1417,273.45502,274.89038,275.57532,277.76657,282.17215
2007-12-01,45.6,3.1,0,0001,272.10626,274.7628,273.039,274.73804,275.40735,277.499,281.74442
2007-12-01,45.6,3.2,0,0001,272.43634,275.0128,273.18744,274.8103,275.4933,277.63962,281.99442
